Número,Fecha (dd/mm/aa),Nombre actividad,Costo,Presupuesto,Tiempo invertido,Tipo,Momento,No. de personas
1,11 de agosto 2025,Comida,300.0,400.0,90.0,1.0,2.0,2.0
2,12 de agosto 2025,Golf,400.0,500.0,150.0,3.0,2.0,3.0
3,13 de agosto 2025,Comida,350.0,350.0,40.0,1.0,3.0,2.0
4,14 de agosto 2025,Gasolina,900.0,1000.0,10.0,6.0,1.0,1.0
5,15 de agosto 2025,Oxxo,200.0,300.0,5.0,1.0,3.0,3.0
6,16 de agosto 2025,Golf,1200.0,200.0,5.0,3.0,2.0,3.0
7,17 de agosto 2025,Oxxo,60.0,100.0,3.0,1.0,2.0,1.0
8,18 de agosto 2025,Comida,200.0,200.0,40.0,1.0,2.0,2.0
9,19 de agosto 2025,Golf,500.0,500.0,180.0,3.0,2.0,4.0
10,20 de agosto 2025,Comida,330.0,400.0,90.0,1.0,3.0,2.0
11,21 de agosto 2025,Gasolina,850.0,1000.0,15.0,6.0,2.0,1.0
12,22 de agosto 2025,Oxxo,400.0,500.0,6.0,1.0,3.0,2.0
13,23 de agosto 2025,Oxxo,330.0,400.0,5.0,1.0,2.0,1.0
14,24 de agosto 2025,Medicamentos,170.0,500.0,5.0,1.0,3.0,1.0
15,25 de agosto 2025,Cine,880.0,900.0,190.0,4.0,2.0,2.0
16,26 de agosto 2025,Golf,400.0,400.0,133.0,3.0,2.0,3.0
17,27 de agosto 2025,Comida,330.0,400.0,10.0,1.0,3.0,2.0
18,28 de agosto 2025,Golf,850.0,900.0,180.0,3.0,2.0,4.0
19,29 de agosto 2025,Estadio,300.0,500.0,135.0,4.0,3.0,5.0
20,30 de agosto 2025,Comida,500.0,500.0,180.0,1.0,2.0,5.0
21,4 de septiembre 2025,Oxxo,215.0,400.0,3.0,1.0,2.0,3.0
22,5 de septiembre 2025,Oxxo,400.0,400.0,4.0,1.0,2.0,4.0
23,6 de esptiembre 2025,Padel,100.0,100.0,2.0,1.0,3.0,3.0
24,7 de septiembre 2025,Padel,100.0,100.0,0.0,1.0,1.0,3.0
25,8 de septiembre 2025,Comida,330.0,350.0,3.0,1.0,3.0,2.0
26,9 de septiembre 2025,Gasolina,900.0,1000.0,10.0,6.0,3.0,1.0
27,10 de septiembre 2025,Starbucks,100.0,200.0,5.0,1.0,2.0,2.0
28,11 de septiembre 2025,Comida,150.0,150.0,1.0,1.0,3.0,5.0
29,12 de septiembre 2025,Oxxo,300.0,400.0,5.0,1.0,2.0,3.0
30,13 de septiembre 2025,Cena ,600.0,500.0,120.0,1.0,3.0,5.0
31,16 de septiembre 2025,Golf,400.0,600.0,240.0,3.0,2.0,4.0
32,17 de septiembre 2025,Cena ,350.0,500.0,90.0,1.0,3.0,4.0
33,19 de septimebre 2025,Cena ,400.0,500.0,90.0,1.0,3.0,2.0
34,20 de septiembre 2025,Desayuno,300.0,350.0,40.0,1.0,1.0,1.0
35,23 de septiembre 2025,Golf,300.0,300.0,150.0,3.0,2.0,4.0
36,24 de septiembre 2025,Cena ,300.0,300.0,60.0,1.0,3.0,2.0
37,26 de septiembre 2025,Comida,350.0,500.0,120.0,1.0,2.0,6.0
38,29 de septiembre 2025,Gasolina ,950.0,900.0,10.0,6.0,3.0,1.0
39,30 de septiembre 2025,Golf,650.0,600.0,210.0,3.0,2.0,6.0
40,1 de octubre 2025,Cine,800.0,900.0,150.0,4.0,2.0,2.0
41,3 de octubre 2025,Golf,300.0,400.0,180.0,3.0,2.0,3.0
42,4 de octubre 2025,Salida con amigos,800.0,1000.0,120.0,4.0,3.0,8.0
43,,,,,,,,
44,,,,,,,,
45,,,,,,,,
46,,,,,,,,
47,,,,,,,,
48,,,,,,,,
49,,,,,,,,
50,,,,,,,,
51,,,,,,,,
52,,,,,,,,
53,,,,,,,,
54,,,,,,,,
55,,,,,,,,
56,,,,,,,,
57,,,,,,,,
58,,,,,,,,
59,,,,,,,,
60,,,,,,,,
61,,,,,,,,
62,,,,,,,,
63,,,,,,,,
64,,,,,,,,
65,,,,,,,,
66,,,,,,,,
67,,,,,,,,
68,,,,,,,,
69,,,,,,,,
70,,,,,,,,
71,,,,,,,,
72,,,,,,,,
73,,,,,,,,
74,,,,,,,,
75,,,,,,,,
76,,,,,,,,
77,,,,,,,,
78,,,,,,,,
79,,,,,,,,
80,,,,,,,,
81,,,,,,,,
82,,,,,,,,
83,,,,,,,,
84,,,,,,,,
85,,,,,,,,
86,,,,,,,,
87,,,,,,,,
88,,,,,,,,
89,,,,,,,,
90,,,,,,,,
91,,,,,,,,
92,,,,,,,,
93,,,,,,,,
94,,,,,,,,
95,,,,,,,,
96,,,,,,,,
97,,,,,,,,
98,,,,,,,,
99,,,,,,,,
100,,,,,,,,
101,,,,,,,,
102,,,,,,,,
103,,,,,,,,
104,,,,,,,,
105,,,,,,,,
106,,,,,,,,
107,,,,,,,,
108,,,,,,,,
109,,,,,,,,
110,,,,,,,,
111,,,,,,,,
112,,,,,,,,
113,,,,,,,,
114,,,,,,,,
115,,,,,,,,
116,,,,,,,,
117,,,,,,,,
118,,,,,,,,
119,,,,,,,,
120,,,,,,,,
121,,,,,,,,
122,,,,,,,,
123,,,,,,,,
124,,,,,,,,
125,,,,,,,,
126,,,,,,,,
127,,,,,,,,
128,,,,,,,,
129,,,,,,,,
130,,,,,,,,
131,,,,,,,,
132,,,,,,,,
133,,,,,,,,
134,,,,,,,,
135,,,,,,,,
136,,,,,,,,
137,,,,,,,,
138,,,,,,,,
139,,,,,,,,
140,,,,,,,,
141,,,,,,,,
142,,,,,,,,
143,,,,,,,,
144,,,,,,,,
145,,,,,,,,
146,,,,,,,,
147,,,,,,,,
148,,,,,,,,
149,,,,,,,,
150,,,,,,,,
151,,,,,,,,
152,,,,,,,,
153,,,,,,,,
154,,,,,,,,
155,,,,,,,,
156,,,,,,,,
157,,,,,,,,
158,,,,,,,,
159,,,,,,,,
160,,,,,,,,
161,,,,,,,,
162,,,,,,,,
163,,,,,,,,
164,,,,,,,,
165,,,,,,,,
166,,,,,,,,
167,,,,,,,,
168,,,,,,,,
169,,,,,,,,
170,,,,,,,,
171,,,,,,,,
172,,,,,,,,
173,,,,,,,,
174,,,,,,,,
175,,,,,,,,
176,,,,,,,,
177,,,,,,,,
178,,,,,,,,
179,,,,,,,,
180,,,,,,,,
181,,,,,,,,
182,,,,,,,,
183,,,,,,,,
184,,,,,,,,
185,,,,,,,,
186,,,,,,,,
187,,,,,,,,
188,,,,,,,,
189,,,,,,,,
190,,,,,,,,
191,,,,,,,,
192,,,,,,,,
193,,,,,,,,
194,,,,,,,,
195,,,,,,,,
196,,,,,,,,
197,,,,,,,,
198,,,,,,,,
199,,,,,,,,
200,,,,,,,,
201,,,,,,,,
202,,,,,,,,
203,,,,,,,,
204,,,,,,,,
205,,,,,,,,
206,,,,,,,,
207,,,,,,,,
208,,,,,,,,
209,,,,,,,,
210,,,,,,,,
211,,,,,,,,
212,,,,,,,,
213,,,,,,,,
214,,,,,,,,
215,,,,,,,,
216,,,,,,,,
217,,,,,,,,
218,,,,,,,,
219,,,,,,,,
220,,,,,,,,
221,,,,,,,,
222,,,,,,,,
223,,,,,,,,
224,,,,,,,,
225,,,,,,,,
226,,,,,,,,
227,,,,,,,,
228,,,,,,,,
229,,,,,,,,
230,,,,,,,,
231,,,,,,,,
232,,,,,,,,
233,,,,,,,,
234,,,,,,,,
235,,,,,,,,
236,,,,,,,,
237,,,,,,,,
238,,,,,,,,
239,,,,,,,,
240,,,,,,,,
241,,,,,,,,
242,,,,,,,,
243,,,,,,,,
244,,,,,,,,
245,,,,,,,,
246,,,,,,,,
247,,,,,,,,
248,,,,,,,,
249,,,,,,,,
250,,,,,,,,
251,,,,,,,,
252,,,,,,,,
253,,,,,,,,
254,,,,,,,,
255,,,,,,,,
256,,,,,,,,
257,,,,,,,,
258,,,,,,,,
259,,,,,,,,
260,,,,,,,,
261,,,,,,,,
262,,,,,,,,
263,,,,,,,,
264,,,,,,,,
265,,,,,,,,
266,,,,,,,,
267,,,,,,,,
268,,,,,,,,
269,,,,,,,,
270,,,,,,,,
271,,,,,,,,
272,,,,,,,,
273,,,,,,,,
274,,,,,,,,
275,,,,,,,,
276,,,,,,,,
277,,,,,,,,
278,,,,,,,,
279,,,,,,,,
280,,,,,,,,
281,,,,,,,,
282,,,,,,,,
283,,,,,,,,
284,,,,,,,,
285,,,,,,,,
286,,,,,,,,
287,,,,,,,,
288,,,,,,,,
289,,,,,,,,
290,,,,,,,,
291,,,,,,,,
292,,,,,,,,
293,,,,,,,,
294,,,,,,,,
295,,,,,,,,
296,,,,,,,,
297,,,,,,,,
298,,,,,,,,
299,,,,,,,,
300,,,,,,,,
